{"1": 10.949116793125722, "10": 6.921397377173569, "5": 6.843304501546733, "6": 7.572777501768958, "9": 3.7173587602406157}