{"limited": 0.6989700043360189, "all": 0.6989700043360189, "month": 0.6989700043360189, "go": 0.6989700043360189, "follow": 0.3979400086720376, "37.4": 0.6989700043360189, "covertible": 0.6989700043360189, "reluctant": 0.6989700043360189, "zone": 0.6989700043360189, "to": 0.09691001300805642, "340": 0.6989700043360189, "under": 0.3979400086720376, "include": 0.3979400086720376, "farmer-owned": 0.6989700043360189, "45.1": 0.6989700043360189, "rise": 0.6989700043360189, "1,875": 0.6989700043360189, "ticket": 0.6989700043360189, "1,870": 0.6989700043360189, "condition": 0.6989700043360189, "level": 0.3979400086720376, "--": 0.6989700043360189, "humidity": 0.6989700043360189, "2.28": 0.6989700043360189, "2.27": 0.6989700043360189, "bahia": 0.6989700043360189, "1987.": 0.6989700043360189, "55.8": 0.6989700043360189, "3.15": 0.6989700043360189, "crop": 0.3979400086720376, "tex": 0.6989700043360189, "rate": 0.6989700043360189, "cost": 0.6989700043360189, "port": 0.6989700043360189, "current": 0.6989700043360189, "capital": 0.6989700043360189, "new": 0.6989700043360189, ";": 0.3979400086720376, "n.a": 0.6989700043360189, "linseed": 0.6989700043360189, "same": 0.6989700043360189, "100": 0.6989700043360189, "change": 0.6989700043360189, "dry": 0.6989700043360189, "aug": 0.6989700043360189, "0.39": 0.6989700043360189, "experience": 0.6989700043360189, "aug/sept": 0.6989700043360189, "apr": 0.6989700043360189, "182.4": 0.6989700043360189, "soybean": 0.6989700043360189, "total": 0.2218487496163564, "market": 0.6989700043360189, "2,325": 0.6989700043360189, "dificulties": 0.6989700043360189, "feb": 0.6989700043360189, "would": 0.3979400086720376, "&": 0.3979400086720376, "destination": 0.6989700043360189, "few": 0.6989700043360189, "doubt": 0.6989700043360189, "call": 0.6989700043360189, "6": 0.6989700043360189, "prev": 0.6989700043360189, "midday": 0.6989700043360189, "1,780": 0.6989700043360189, "company": 0.3979400086720376, "five-day": 0.6989700043360189, "hold": 0.6989700043360189, "iii": 0.6989700043360189, "this": 0.6989700043360189, "2.65": 0.6989700043360189, "61.5": 0.6989700043360189, "v": 0.6989700043360189, "61.8": 0.6989700043360189, "dec": 0.6989700043360189, "control": 0.6989700043360189, "figure": 0.3979400086720376, "uruguay": 0.6989700043360189, "comissaria": 0.6989700043360189, "share": 0.3979400086720376, "involve": 0.6989700043360189, "currency": 0.6989700043360189, "tag": 0.6989700043360189, "occur": 0.6989700043360189, "4,340": 0.6989700043360189, "end": 0.6989700043360189, "4,345": 0.6989700043360189, "technology": 0.6989700043360189, "reuter": 0.6989700043360189, "1": 0.6989700043360189, "how": 0.6989700043360189, "stock": 0.3979400086720376, "product": 0.2218487496163564, "mar": 0.6989700043360189, "may": 0.3979400086720376, "earlier": 0.6989700043360189, "spot": 0.6989700043360189, "reflect": 0.6989700043360189, "155,221": 0.6989700043360189, "a": 0.0, "purchase": 0.6989700043360189, "light": 0.6989700043360189, "register": 0.6989700043360189, "enter": 0.6989700043360189, "exclusive": 0.6989700043360189, "help": 0.6989700043360189, "over": 0.6989700043360189, "move": 0.6989700043360189, "trade": 0.6989700043360189, "buyer": 0.6989700043360189, "6.4": 0.6989700043360189, "through": 0.6989700043360189, "6.2": 0.6989700043360189, "still": 0.6989700043360189, "1.92": 0.6989700043360189, "6.8": 0.6989700043360189, "25": 0.3979400086720376, "27": 0.6989700043360189, "lb": 0.6989700043360189, "fit": 0.6989700043360189, "23": 0.3979400086720376, "temporao": 0.6989700043360189, "218.5": 0.6989700043360189, "28": 0.6989700043360189, ",": 0.0, "pct": 0.6989700043360189, "late": 0.6989700043360189, "lt": 0.3979400086720376, "farmer": 0.6989700043360189, "argentina": 0.6989700043360189, "argentine": 0.6989700043360189, "sunflowerseed": 0.6989700043360189, "5.54": 0.6989700043360189, "good": 0.6989700043360189, ".125": 0.6989700043360189, "not": 0.3979400086720376, "now": 0.6989700043360189, "bread": 0.6989700043360189, "14.5": 0.6989700043360189, "february": 0.2218487496163564, "name": 0.6989700043360189, "1.06": 0.6989700043360189, "january": 0.3979400086720376, "4,415": 0.6989700043360189, "with": 0.6989700043360189, "butter": 0.6989700043360189, "mean": 0.6989700043360189, "3.25-y": 0.6989700043360189, "registration": 0.6989700043360189, "expect": 0.6989700043360189, "year": 0.3979400086720376, "superior+": 0.6989700043360189, "operation": 0.6989700043360189, "dlrs": 0.3979400086720376, "agriculture": 0.6989700043360189, "20.0": 0.6989700043360189, "2.34": 0.6989700043360189, "20.4": 0.6989700043360189, "matrix": 0.6989700043360189, "open": 0.6989700043360189, "since": 0.6989700043360189, "middleman": 0.6989700043360189, "cwt": 0.6989700043360189, "publish": 0.6989700043360189, "stock's": 0.6989700043360189, "increase": 0.3979400086720376, "barley": 0.6989700043360189, "shipment": 0.3979400086720376, "after": 0.3979400086720376, "circumstance": 0.6989700043360189, "u.s.": 0.3979400086720376, "houston": 0.6989700043360189, "release": 0.6989700043360189, "york": 0.6989700043360189, "x": 0.6989700043360189, "1984.": 0.6989700043360189, "estimate": 0.6989700043360189, "generate": 0.6989700043360189, "2,375": 0.6989700043360189, "shipper": 0.6989700043360189, "carnival": 0.6989700043360189, "technolgy": 0.6989700043360189, "area": 0.6989700043360189, "but": 0.6989700043360189, "y-dlrs": 0.6989700043360189, "one": 0.6989700043360189, "1987/88": 0.6989700043360189, "vote": 0.6989700043360189, "quality": 0.6989700043360189, "feedgrain": 0.6989700043360189, "system": 0.6989700043360189, "their": 0.3979400086720376, "hundred": 0.6989700043360189, "final": 0.6989700043360189, "low": 0.6989700043360189, "15.0": 0.6989700043360189, "selling": 0.6989700043360189, "that": 0.6989700043360189, "5.93": 0.6989700043360189, "acquire": 0.6989700043360189, "part": 0.3979400086720376, "2,692.4": 0.6989700043360189, "licensee": 0.6989700043360189, "4.45": 0.6989700043360189, "july": 0.3979400086720376, "completes": 0.6989700043360189, "11": 0.6989700043360189, "1986/87": 0.3979400086720376, "15": 0.6989700043360189, "oats": 0.6989700043360189, "19": 0.6989700043360189, "shower": 0.6989700043360189, "future": 0.3979400086720376, "0.99": 0.6989700043360189, "prospect": 0.6989700043360189, "outstanding": 0.6989700043360189, "say": 0.2218487496163564, "have": 0.2218487496163564, "seem": 0.6989700043360189, "any": 0.6989700043360189, "sell": 0.3979400086720376, "lugano": 0.6989700043360189, "-": 0.6989700043360189, "also": 0.09691001300805642, "which": 0.6989700043360189, "season": 0.6989700043360189, "1.35": 0.6989700043360189, "worldwide": 0.6989700043360189, "printer": 0.6989700043360189, "normal": 0.6989700043360189, "4,480": 0.6989700043360189, "price": 0.2218487496163564, "oilseed": 0.6989700043360189, "75": 0.6989700043360189, "100.9": 0.6989700043360189, "consignment": 0.6989700043360189, "plan": 0.6989700043360189, "drought": 0.6989700043360189, "87.4": 0.6989700043360189, "average": 0.6989700043360189, "cover": 0.6989700043360189, "sale": 0.3979400086720376, "48.0": 0.6989700043360189, "bracket": 0.6989700043360189, "48.6": 0.6989700043360189, "48.7": 0.6989700043360189, "dot": 0.6989700043360189, "reserve": 0.6989700043360189, "show": 0.6989700043360189, "7.0": 0.6989700043360189, "7.9": 0.6989700043360189, "impact": 0.6989700043360189, "(": 0.3979400086720376, "terminal": 0.6989700043360189, "only": 0.6989700043360189, "oct/dec": 0.6989700043360189, "oct": 0.6989700043360189, "995": 0.6989700043360189, "bean": 0.6989700043360189, "12": 0.6989700043360189, "report": 0.6989700043360189, "166.1": 0.6989700043360189, "bag": 0.6989700043360189, "rate-x": 0.6989700043360189, "common": 0.3979400086720376, "switzerland": 0.6989700043360189, "6.3": 0.6989700043360189, "view": 0.6989700043360189, "arrival": 0.6989700043360189, "34.8": 0.6989700043360189, "national": 0.6989700043360189, "164.6": 0.6989700043360189, "computer": 0.6989700043360189,